{
  "mode": "math_lab",
  "scenario": "figure8",
  "steps": 109,
  "tracking_error_rms": 0.6221154320501956,
  "manipulability_mean": 0.029276091279895566,
  "jacobian_cond_mean": 2.531991468118733,
  "smoothness_mean": 8326695317473.038,
  "energy_mean": 49215332502.54826,
  "latency_ms_mean": 2.5635588348733953,
  "latency_ms_max": 7.513765000112471,
  "state_vector_layout": [
    "q(6)",
    "qdot(6)",
    "p_tool(3)",
    "p_target(3)",
    "e_pos(3)",
    "J_cond(1)",
    "manipulability(1)"
  ],
  "state_vector_dim": 23,
  "state_vector_last": [
    -206.98599706569135,
    -2101.340144038953,
    -53921.05229040589,
    67914.7452188294,
    538831.3312834434,
    -12852.088912382864,
    -87991225082.90408,
    -10091207640.246458,
    191689565885.86127,
    -42553759704576.23,
    -450658332567.6793,
    6665981869085.414,
    0.7171403558590407,
    1.0477670284307659,
    0.8976744138505101,
    -0.056252345419934596,
    0.0003774020166485673,
    0.6541319258779108,
    -0.3875804386334012,
    0.07887421346928163,
    -0.4403455706743711,
    2.3732250742073715,
    0.029039676495095115
  ],
  "last": {
    "target_world": [
      -0.056252345419934596,
      0.0003774020166485673,
      0.6541319258779108
    ],
    "tool_world": [
      0.7171403558590407,
      1.0477670284307659,
      0.8976744138505101
    ],
    "error_vec": [
      -0.3875804386334012,
      0.07887421346928163,
      -0.4403455706743711
    ],
    "error_norm": 0.5918986058221416,
    "jacobian_cond": 2.3732250742073715,
    "manipulability": 0.029039676495095115,
    "smoothness": 8326695317473.056,
    "control_energy": 49671030025.70315,
    "phase": 0.46409581405596717,
    "latency_ms": 2.4491610001859954
  }
}