{
  "checkpoint": "checkpoints/best.pt",
  "episodes": 2,
  "steps_per_episode": 100,
  "metrics": {
    "reward_mean": 267.1618884472322,
    "reward_p50": 267.1618884472322,
    "proc_quality_mean": 0.9467745399475098,
    "wafer_process_state_mean": 0.3312954696267843,
    "wafer_quality_score_mean": 0.9467745399475098,
    "coord_quality_mean": 0.95983341202388,
    "defect_rate_proxy": 0.05596126606687903,
    "throughput_cycles_per_env_proxy": 0.5029818766843528
  },
  "latency_ms": {
    "infer_p50": 0.8241129999078112,
    "infer_p95": 1.3250259999040281,
    "infer_mean": 1.1047911149898937,
    "control_loop_p50": 20.02322850012206,
    "control_loop_p95": 21.203405000051134,
    "control_loop_mean": 20.189479149980798
  },
  "policy": {
    "checkpoint_path": "checkpoints/best.pt",
    "device": "cuda",
    "obs_dim": 64,
    "act_dim": 18,
    "uses_fallback_mlp": true,
    "ckpt_update": 25,
    "ckpt_metrics": {
      "loss": 0.022257504053413868,
      "policy": -0.009063789620995522,
      "entropy": 17.10706615447998,
      "kl": 0.046745914965867996,
      "reward": -54.64512252807617,
      "precision": -53.32342529296875,
      "helpfulness": 1.2755393981933594e-05,
      "harmlessness": -2.3193109035491943,
      "verification": 0.03125,
      "think": 0.6208142638206482,
      "dpo": 0.7720016837120056,
      "ipo": 1.4545416235923767,
      "energy": 0.6638402938842773,
      "energy_drop": 0.0005982303991913795,
      "hierarchy_conf": 0.4771519899368286,
      "hierarchy_kl": 0.0745912529528141,
      "reward_hack_gap": 0.15622607192694893,
      "reward_hack_corr": 0.9780069853374996,
      "external_score": -52.740875244140625,
      "composite_score": -54.4581429692149,
      "group_size": 12.0
    }
  },
  "notes": [
    "Stub backend ROS2 ativo (nao Isaac Lab real nesta etapa).",
    "TODO: substituir SLMPolicy fallback MLP pelo SLM RL real (MathCoreAgent + adapter de acao).",
    "TODO: substituir throughput/defect proxies por contadores reais vindos do backend Isaac Lab."
  ],
  "ros2_contract": {
    "protocol_version": "wafer_cell_ros2_v1",
    "wafer_state_fields": [
      "wafer_x",
      "wafer_y",
      "wafer_z",
      "wafer_roll",
      "wafer_pitch",
      "wafer_yaw",
      "wafer_process_state",
      "wafer_quality_score",
      "coordination_score",
      "contamination_risk",
      "vibration_index",
      "stage_norm",
      "progress_norm",
      "temperature_norm",
      "pull_rate_norm",
      "rotation_norm",
      "energy_norm",
      "cycle_count_norm_proxy"
    ]
  }
}