{
  "mode": "math_lab",
  "scenario": "spiral",
  "steps": 139,
  "tracking_error_rms": 0.6138440632711832,
  "manipulability_mean": 0.02922506650619763,
  "jacobian_cond_mean": 2.4977253399364243,
  "smoothness_mean": 8326695317473.03,
  "energy_mean": 49313684485.96296,
  "latency_ms_mean": 3.547730625927634,
  "latency_ms_max": 8.07496700053889,
  "state_vector_layout": [
    "q(6)",
    "qdot(6)",
    "p_tool(3)",
    "p_target(3)",
    "e_pos(3)",
    "J_cond(1)",
    "manipulability(1)"
  ],
  "state_vector_dim": 23,
  "state_vector_last": [
    -206.98599706569135,
    -2101.340144038953,
    -53921.05229040589,
    67914.7452188294,
    538831.3312834434,
    -12852.088912382864,
    -87991225082.90408,
    -10091207640.246458,
    191689565885.86127,
    -42553759704576.23,
    -450658332567.6793,
    6665981869085.414,
    0.7171403558590407,
    1.0477670284307659,
    0.8976744138505101,
    -0.0983833948197923,
    -0.04787996082595542,
    0.7401916181435948,
    -0.4297114880332589,
    0.030616850626677634,
    -0.3542858784086871,
    2.3732250742073715,
    0.029039676495095115
  ],
  "last": {
    "target_world": [
      -0.0983833948197923,
      -0.04787996082595542,
      0.7401916181435948
    ],
    "tool_world": [
      0.7171403558590407,
      1.0477670284307659,
      0.8976744138505101
    ],
    "error_vec": [
      -0.4297114880332589,
      0.030616850626677634,
      -0.3542858784086871
    ],
    "error_norm": 0.5577704170443866,
    "jacobian_cond": 2.3732250742073715,
    "manipulability": 0.029039676495095115,
    "smoothness": 8326695317473.056,
    "control_energy": 49671030025.70315,
    "phase": 0.5930113179604025,
    "latency_ms": 2.054986000075587
  }
}