{
  "mode": "math_lab",
  "scenario": "line",
  "steps": 91,
  "tracking_error_rms": 0.6278556484838241,
  "manipulability_mean": 0.029322854643922033,
  "jacobian_cond_mean": 2.563395809771531,
  "smoothness_mean": 8326695317473.045,
  "energy_mean": 49125194530.93521,
  "latency_ms_mean": 3.2957002307099814,
  "latency_ms_max": 8.055394999246346,
  "state_vector_layout": [
    "q(6)",
    "qdot(6)",
    "p_tool(3)",
    "p_target(3)",
    "e_pos(3)",
    "J_cond(1)",
    "manipulability(1)"
  ],
  "state_vector_dim": 23,
  "state_vector_last": [
    -206.98599706569135,
    -2101.340144038953,
    -53921.05229040589,
    67914.7452188294,
    538831.3312834434,
    -12852.088912382864,
    -87991225082.90408,
    -10091207640.246458,
    191689565885.86127,
    -42553759704576.23,
    -450658332567.6793,
    6665981869085.414,
    0.7171403558590407,
    1.0477670284307659,
    0.8976744138505101,
    -0.0365931410386029,
    0.03201320137034663,
    0.6138954503731553,
    -0.3679212342520695,
    0.11051001282297969,
    -0.4805820461791266,
    2.3732250742073715,
    0.029039676495095115
  ],
  "last": {
    "target_world": [
      -0.0365931410386029,
      0.03201320137034663,
      0.6138954503731553
    ],
    "tool_world": [
      0.7171403558590407,
      1.0477670284307659,
      0.8976744138505101
    ],
    "error_vec": [
      -0.3679212342520695,
      0.11051001282297969,
      -0.4805820461791266
    ],
    "error_norm": 0.6152540943849276,
    "jacobian_cond": 2.3732250742073715,
    "manipulability": 0.029039676495095115,
    "smoothness": 8326695317473.056,
    "control_energy": 49671030025.70315,
    "phase": 0.386746511713306,
    "latency_ms": 1.6059259996836772
  }
}