{
  "mode": "math_lab",
  "scenario": "circle",
  "steps": 133,
  "tracking_error_rms": 0.6190531390610696,
  "manipulability_mean": 0.029233429965345104,
  "jacobian_cond_mean": 2.503341893277585,
  "smoothness_mean": 8326695317473.031,
  "energy_mean": 49297563634.546104,
  "latency_ms_mean": 3.7227328571442144,
  "latency_ms_max": 8.942362000198045,
  "state_vector_layout": [
    "q(6)",
    "qdot(6)",
    "p_tool(3)",
    "p_target(3)",
    "e_pos(3)",
    "J_cond(1)",
    "manipulability(1)"
  ],
  "state_vector_dim": 23,
  "state_vector_last": [
    -206.98599706569135,
    -2101.340144038953,
    -53921.05229040589,
    67914.7452188294,
    538831.3312834434,
    -12852.088912382864,
    -87991225082.90408,
    -10091207640.246458,
    191689565885.86127,
    -42553759704576.23,
    -450658332567.6793,
    6665981869085.414,
    0.7171403558590407,
    1.0477670284307659,
    0.8976744138505101,
    -0.10682085528026364,
    -0.031204446091161842,
    0.7390995399589061,
    -0.43814894849373026,
    0.04729236536147122,
    -0.3553779565933758,
    2.3732250742073715,
    0.029039676495095115
  ],
  "last": {
    "target_world": [
      -0.10682085528026364,
      -0.031204446091161842,
      0.7390995399589061
    ],
    "tool_world": [
      0.7171403558590407,
      1.0477670284307659,
      0.8976744138505101
    ],
    "error_vec": [
      -0.43814894849373026,
      0.04729236536147122,
      -0.3553779565933758
    ],
    "error_norm": 0.5661312223505498,
    "jacobian_cond": 2.3732250742073715,
    "manipulability": 0.029039676495095115,
    "smoothness": 8326695317473.056,
    "control_energy": 49671030025.70315,
    "phase": 0.5672282171795154,
    "latency_ms": 2.0123269996474846
  }
}